phase,min,browser,zygote,utility,gpu,page-renderer,extension-renderer,total
idle,0.33,53.9,27.0,31.1,34.7,63.1,31.9,241.6
idle,0.67,54.7,27.0,31.1,34.7,66.5,26.2,240.1
idle,1.00,52.7,27.0,30.9,34.2,69.8,27.3,241.9
idle,1.33,51.7,27.0,30.9,34.2,60.3,27.5,231.5
idle,1.67,51.7,27.0,30.8,34.2,63.0,26.2,232.9
idle,2.00,51.7,27.0,30.8,34.5,66.3,26.2,236.6
idle,2.34,51.8,27.0,30.9,34.3,69.4,26.2,239.5
idle,2.67,51.7,27.0,30.9,34.3,69.6,26.2,239.6
idle,3.00,51.8,27.0,30.9,34.3,69.7,26.2,239.9
idle,3.34,51.5,27.0,30.8,34.2,69.7,26.2,239.4
idle,3.67,51.5,27.0,30.8,34.2,69.5,26.2,239.2
idle,4.00,51.5,27.0,30.8,34.2,69.6,26.2,239.3
idle,4.34,51.5,27.0,30.8,34.2,69.8,26.2,239.5
idle,4.67,51.5,27.0,30.8,34.2,69.9,26.2,239.6
idle,5.00,51.9,27.0,30.8,34.4,70.2,26.2,240.5
idle,5.34,51.5,27.0,30.8,34.2,70.1,26.4,240.0
idle,5.67,51.5,27.0,30.8,34.2,69.8,26.4,239.7
idle,6.01,51.5,27.0,30.8,34.2,70.0,26.4,239.9
idle,6.34,51.5,27.0,30.8,34.2,70.2,26.4,240.1
idle,6.67,51.5,27.0,30.8,34.2,70.1,26.4,240.0
idle,7.01,51.5,27.0,30.8,34.2,70.1,26.4,240.0
idle,7.34,51.5,27.0,30.8,34.3,70.2,26.4,240.1
idle,7.67,51.5,27.0,30.8,34.3,70.3,26.4,240.2
idle,8.01,51.5,27.0,30.8,34.3,70.1,26.4,240.0
armed,0.33,53.2,27.0,30.8,38.3,70.9,127.4,347.7
armed,0.67,53.3,27.0,30.8,38.3,71.0,131.5,351.9
armed,1.00,53.6,27.0,30.8,38.4,71.0,133.7,354.5
armed,1.33,53.5,27.0,30.8,38.3,71.0,133.8,354.4
armed,1.67,54.0,27.0,30.8,43.7,71.1,134.1,360.7
armed,2.00,53.6,27.0,30.8,38.3,71.0,133.8,354.5
armed,2.34,54.4,27.0,30.8,38.3,70.9,135.4,356.8
armed,2.67,54.3,27.0,30.8,38.3,71.0,135.4,356.8
armed,3.00,54.5,27.0,30.8,38.3,70.7,135.3,356.6
armed,3.34,54.4,27.0,30.7,38.3,70.8,135.6,356.9
armed,3.67,54.4,27.0,30.7,38.3,71.0,135.6,357.0
armed,4.00,54.3,27.0,30.7,38.6,70.8,135.9,357.2
armed,4.34,54.5,27.0,30.7,40.1,70.8,136.1,359.2
armed,4.67,54.4,27.0,30.7,38.4,70.9,136.3,357.7
armed,5.01,54.6,27.0,30.7,41.6,70.8,136.0,360.6
armed,5.34,54.6,27.0,30.7,39.7,70.8,136.7,359.6
armed,5.67,55.2,27.0,30.7,38.4,71.0,136.1,358.4
armed,6.01,54.6,27.0,30.7,41.6,71.1,136.7,361.7
armed,6.34,55.2,27.0,30.7,38.4,70.8,136.7,358.8
armed,6.67,55.2,27.0,30.7,38.4,71.0,136.8,359.1
armed,7.01,55.6,27.0,30.7,44.5,71.3,136.6,365.7
armed,7.34,55.7,27.0,30.7,41.7,70.8,136.7,362.7
armed,7.68,55.9,27.0,30.7,41.7,71.1,136.7,363.2
armed,8.01,55.7,27.0,30.7,41.6,71.4,136.7,363.1
armed,8.34,55.8,27.0,30.7,38.5,71.4,136.7,360.0
armed,8.68,55.8,27.0,30.7,38.5,71.5,136.7,360.2
armed,9.01,56.0,27.0,30.7,41.7,71.6,136.5,363.5
armed,9.34,56.0,27.0,30.7,41.8,71.8,136.7,364.0
armed,9.68,56.2,27.0,30.7,41.8,71.5,136.5,363.6
armed,10.01,56.1,27.0,30.7,44.7,71.7,137.2,367.3
armed,10.34,56.3,27.0,30.7,38.4,71.7,137.2,361.3
armed,10.68,55.9,27.0,30.7,41.6,71.4,137.2,363.9
armed,11.01,56.5,27.0,30.8,38.5,71.6,137.2,361.5
armed,11.35,56.4,27.0,30.7,41.7,71.7,137.1,364.6
armed,11.68,56.5,27.0,30.7,41.7,71.4,137.0,364.3
armed,12.01,56.5,27.0,30.7,41.6,71.5,137.2,364.5
armed,12.35,56.6,27.0,30.7,38.5,71.6,137.1,361.4
armed,12.68,56.4,27.0,30.7,38.5,71.5,137.2,361.3
armed,13.01,56.6,27.0,30.7,41.6,71.5,137.0,364.5
armed,13.35,56.6,27.0,30.7,41.7,71.6,137.0,364.6
armed,13.68,56.7,27.0,30.7,41.7,71.7,137.1,365.0
armed,14.02,56.8,27.0,30.8,41.7,71.5,137.1,364.8
disarmed,0.33,56.6,27.0,30.7,35.1,71.5,53.1,274.1
disarmed,0.67,56.5,27.0,30.7,35.1,71.7,41.4,262.4
disarmed,1.00,56.6,27.0,30.7,35.1,71.4,41.6,262.4
disarmed,1.33,56.3,27.0,30.7,35.1,71.5,41.8,262.5
disarmed,1.67,56.3,27.0,30.7,35.1,71.7,41.9,262.8
disarmed,2.00,56.3,27.0,30.7,35.1,71.5,42.3,262.9
disarmed,2.34,56.3,27.0,30.7,35.1,71.5,42.4,263.1
disarmed,2.67,56.3,27.0,30.7,35.1,71.6,42.5,263.3
disarmed,3.00,56.3,27.0,30.7,35.1,71.8,42.7,263.6
disarmed,3.34,56.3,27.0,30.7,35.1,71.5,42.3,262.9
disarmed,3.67,56.3,27.0,30.7,35.1,71.6,42.4,263.2
disarmed,4.00,56.3,27.0,30.8,35.1,71.8,42.5,263.4
disarmed,4.34,56.3,27.0,30.7,35.1,71.4,42.6,263.1
disarmed,4.67,56.3,27.0,30.7,35.1,71.6,42.7,263.4
disarmed,5.01,56.3,27.0,30.7,35.1,71.7,42.8,263.7
disarmed,5.34,56.3,27.0,30.7,35.1,71.5,42.9,263.5
disarmed,5.67,56.3,27.0,30.7,35.1,71.6,43.0,263.7
disarmed,6.01,56.3,27.0,30.7,35.1,71.7,43.2,264.1
disarmed,6.34,56.3,27.0,30.7,35.1,71.5,43.3,263.9
disarmed,6.67,56.3,27.0,30.7,35.1,71.5,43.3,264.0
disarmed,7.01,56.3,27.0,30.7,35.1,71.7,43.4,264.2
disarmed,7.34,56.3,27.0,30.7,35.1,71.8,43.5,264.4
disarmed,7.67,56.3,27.0,30.7,35.1,71.5,43.6,264.2
disarmed,8.01,56.6,27.0,30.7,35.1,71.6,43.6,264.7