min,ringSegments,ringMB,opfsFiles,opfsOrphans,storageUsageMB,ringEvents,framesEncoded,dropped,jsHeapMB,rssMB,cpuCores,swStarts,privacy
0.5,14,0.46,14,0,0.5,5,437,0,4.6,1584,0.76,1,false
1.0,17,0.56,17,0,0.7,3,875,0,4.9,1824,0.74,1,false
1.5,17,0.55,17,0,0.7,2,1288,0,4.6,1857,0.77,1,false
2.0,17,0.54,17,0,0.8,2,1699,0,5,1864,0.75,1,false
2.5,18,0.58,18,0,0.8,2,2111,0,4.7,1870,0.72,1,false
3.0,18,0.58,18,0,0.9,2,2544,0,5,1869,0.71,1,false
3.6,18,0.58,18,0,0.9,2,2951,0,4.7,1872,0.72,1,false
4.1,18,0.59,18,0,1.0,2,3399,0,4.8,1870,0.71,1,false
4.6,19,0.62,19,0,1.0,2,3829,0,4.6,1868,0.72,1,false
5.1,17,0.55,17,0,1.0,2,4269,0,4.9,1876,0.72,1,false
5.6,17,0.55,17,0,1.1,2,4707,0,4.7,1873,0.72,1,false
6.1,17,0.55,17,0,1.1,2,5147,0,4.6,1874,0.74,1,false
6.6,17,0.56,17,0,1.1,2,5581,0,4.9,1878,0.74,1,false
7.1,18,0.59,18,0,1.2,2,6023,0,4.8,1881,0.75,1,false
7.6,18,0.59,18,0,1.3,2,6457,0,5,1877,0.72,1,false
8.1,18,0.59,18,0,1.3,2,6905,0,4.9,1876,0.72,1,false
8.6,18,0.59,18,0,1.3,2,7349,0,4.7,1875,0.72,1,false
9.2,19,0.62,19,0,1.4,2,7778,0,4.9,1875,0.72,1,false
9.7,16,0.53,16,0,1.4,2,8235,0,4.7,1878,0.74,1,false
10.2,17,0.56,17,0,1.4,2,8672,0,5,1877,0.73,1,false
10.7,17,0.56,17,0,1.5,2,9122,0,4.8,1876,0.73,1,false
11.2,17,0.56,17,0,1.5,2,9562,0,4.6,1876,0.73,1,false
11.7,18,0.59,18,0,1.6,2,10015,0,4.9,1876,0.75,1,false
12.2,18,0.60,18,0,1.6,2,10450,0,4.7,1877,0.74,1,false
12.7,18,0.60,18,0,1.7,2,10905,0,5,1879,0.72,1,false
13.2,18,0.59,18,0,1.7,2,11343,0,4.8,1878,0.73,1,false
13.7,19,0.63,19,0,1.8,2,11795,0,4.6,1878,0.73,1,false
14.2,19,0.63,19,0,1.8,2,12227,0,4.8,1883,0.74,1,false
14.8,17,0.56,17,0,1.8,2,12670,0,4.6,1877,0.73,1,false
15.3,17,0.57,17,0,1.9,2,13127,0,4.8,1878,0.73,1,false
15.8,17,0.55,17,0,1.9,2,13551,0,4.6,1881,0.72,1,false
16.3,17,0.56,17,0,1.9,2,13998,0,4.9,1878,0.73,1,false
16.8,19,0.62,19,0,2.0,2,14433,0,4.7,1878,0.73,1,false
17.3,19,0.63,19,0,2.1,2,14885,0,4.9,1879,0.74,1,false
17.8,19,0.63,19,0,2.1,2,15327,0,4.8,1879,0.73,1,false
18.3,19,0.63,19,0,2.2,2,15777,0,4.6,1882,0.72,1,false
18.8,20,0.66,20,0,2.3,2,16220,0,4.9,1882,0.73,1,false
19.3,17,0.56,17,0,2.2,2,16678,0,4.7,1885,0.73,1,false
19.8,18,0.59,18,0,2.3,2,17114,0,4.6,1879,0.72,1,false
20.4,18,0.60,18,0,2.3,2,17570,0,4.8,1882,0.74,1,false
20.9,18,0.60,18,0,2.4,2,18023,0,4.7,1884,0.73,1,false
21.4,18,0.60,18,0,2.4,2,18467,0,4.9,1878,0.73,1,false
21.9,19,0.63,19,0,2.5,2,18924,0,4.8,1877,0.75,1,false
22.4,19,0.63,19,0,2.5,2,19360,0,4.9,1881,0.74,1,false
22.9,19,0.63,19,0,2.6,2,19817,0,4.9,1886,0.74,1,false
23.4,19,0.63,19,0,2.6,2,20259,0,4.6,1881,0.74,1,false
23.9,17,0.55,17,0,2.6,2,20697,0,4.9,1884,0.74,1,false
24.4,17,0.55,17,0,2.6,2,21123,0,5,1887,0.73,1,false
24.9,18,0.59,18,0,2.7,2,21571,0,4.8,1885,0.73,1,false
25.4,18,0.60,18,0,2.7,2,22009,0,5,1889,0.72,1,false
25.9,18,0.60,18,0,2.8,2,22464,0,4.8,1890,0.73,1,false
26.5,17,0.56,19,2,2.8,2,22895,0,4.7,1890,0.73,1,false
27.0,19,0.63,19,0,2.9,2,23353,0,4.9,1887,0.75,1,false
27.5,19,0.63,19,0,2.9,2,23791,0,4.7,1890,0.75,1,false
28.0,19,0.63,19,0,3.0,2,24245,0,4.6,1889,0.73,1,false
28.5,20,0.65,20,0,3.0,2,24675,0,4.8,1887,0.74,1,false
29.0,16,0.53,17,1,3.0,2,25134,0,4.7,1892,0.74,1,false
29.5,18,0.59,18,0,3.1,2,25588,0,5,1890,0.73,1,false
30.0,18,0.59,18,0,3.1,2,26026,0,4.8,1890,0.73,1,false
30.5,18,0.59,18,0,3.1,2,26476,0,4.6,1892,0.72,1,false
31.0,18,0.59,18,0,3.2,2,26917,0,4.9,1890,0.72,1,false
31.5,18,0.60,18,0,3.2,2,27365,0,4.7,1892,0.71,1,false
32.1,18,0.59,18,0,3.3,2,27803,0,4.6,1898,0.72,1,false
32.6,18,0.59,18,0,3.3,2,28256,0,4.8,1897,0.71,1,false
33.1,19,0.63,19,0,3.4,2,28690,0,4.6,1899,0.73,1,false
33.6,16,0.53,16,0,3.3,2,29142,0,4.9,1902,0.74,1,false
34.1,17,0.55,17,0,3.4,2,29580,0,4.7,1903,0.74,1,false
34.6,18,0.58,18,0,1.6,2,30020,0,5,1901,0.75,1,false
35.1,18,0.58,18,0,1.6,2,30453,0,4.8,1898,0.74,1,false
35.6,17,0.56,17,0,1.7,2,30909,0,4.6,1899,0.76,1,false
36.1,19,0.62,19,0,1.8,2,31344,0,4.8,1899,0.73,1,false
36.6,19,0.62,19,0,1.8,2,31798,0,4.6,1901,0.75,1,false
37.1,19,0.62,19,0,1.8,2,32254,0,5,1904,0.77,1,false
37.7,18,0.59,18,0,1.8,2,32691,0,4.7,1899,0.75,1,false
38.2,16,0.52,16,0,1.8,2,33131,0,5,1900,0.76,1,false
38.7,16,0.53,17,1,1.9,2,33569,0,4.8,1899,0.74,1,false
39.2,17,0.56,18,1,2.0,2,34021,0,4.6,1899,0.72,1,false
39.7,17,0.56,17,0,2.0,2,34454,0,4.8,1900,0.72,1,false
40.2,17,0.55,17,0,2.0,2,34895,0,4.6,1900,0.72,1,false
